UnixTime,DateTime
1439691651.955986,2015-08-16 02:20:51.955986023
1439691712.670034,2015-08-16 02:21:52.670033932
1439691773.2956088,2015-08-16 02:22:53.295608759
1439691827.7653003,2015-08-16 02:23:47.765300274
1439691882.4591544,2015-08-16 02:24:42.459154367
1439691942.970922,2015-08-16 02:25:42.970921993
1540353460.460975,2018-10-24 03:57:40.460974932
1540353520.706206,2018-10-24 03:58:40.706206083
1540353580.9645252,2018-10-24 03:59:40.964525223
1540353641.0707784,2018-10-24 04:00:41.070778370
1540353681.8859558,2018-10-24 04:01:21.885955811
